alpha, tau
1206.77566127,0.33546900
