alpha, tau
1748.87092247,0.49142250
