alpha, tau
553.17751220,0.25171163
