alpha2, tau1, tau2
1707.71843759,0.44294640,0.02136436
