alpha, tau
539.81844828,0.24109228
