alpha, tau
157.75022813,0.16251863
